id,name,jobTitle,email,phone,salary,benefits
76-2580829,Edith Ballendine,Financial Analyst,eballendine0@skyrock.com,4149759143,$76086.44,RL
01-7582288,Hobart Collin,Financial Advisor,hcollin1@constantcontact.com,2726615163,$82362.39,Bonneville
29-9114224,Karla Eastup,Structural Analysis Engineer,keastup2@fastcompany.com,7678361810,$5066.65,Tacoma
27-8433336,Gilemette Hugenin,Internal Auditor,ghugenin3@scribd.com,3897897002,$75685.65,Avalon
43-0625990,Tabbatha Jahnig,Environmental Specialist,tjahnig4@utexas.edu,4304217691,$49933.74,Monte Carlo
61-3072996,Stan Seater,Director of Sales,sseater5@apple.com,6375675864,$99553.21,S40
78-2587944,Helena Roscow,Compensation Analyst,hroscow6@exblog.jp,4002179708,$65657.35,Impreza
37-8586906,Dorothea Mattia,Research Nurse,dmattia7@fda.gov,1905348402,$76053.83,C70
28-4000810,Ulises Speake,Business Systems Development Analyst,uspeake8@altervista.org,7551595390,$44959.06,Pajero
36-0300543,Joana Dyment,Assistant Manager,jdyment9@soundcloud.com,4892305555,$61055.84,Defender Ice Edition
48-3607068,Odetta Lownes,Quality Engineer,olownesa@livejournal.com,9316429557,$46890.41,XJ Series
38-5180509,Nero Gipson,Health Coach IV,ngipsonb@last.fm,2337015486,$3891.48,Boxster
99-0998693,Dyna Denness,Nuclear Power Engineer,ddennessc@feedburner.com,2976894855,$29300.08,E150
53-9481662,Levy Paulmann,Director of Sales,lpaulmannd@vimeo.com,6657026951,$48519.49,A8
04-2208354,Vania Colegate,Web Designer I,vcolegatee@opera.com,6254641246,$56450.76,Caravan
70-7424675,Dorette Quenell,Financial Analyst,dquenellf@reuters.com,9928499733,$96725.42,Tracer
06-2939962,Justis Pinchon,Financial Advisor,jpinchong@vinaora.com,8873158871,$82603.24,911
44-2337224,Claudio Franzonello,Assistant Media Planner,cfranzonelloh@ycombinator.com,2246598039,$30602.17,Integra
43-9064698,Imojean McIntosh,Cost Accountant,imcintoshi@newyorker.com,6995588564,$84441.57,TSX
80-7188659,Mead Oleshunin,Mechanical Systems Engineer,moleshuninj@exblog.jp,3562153202,$87427.27,Windstar
19-6115042,Homer Lanfranchi,General Manager,hlanfranchik@icq.com,1505732209,$94796.28,Charger
61-5460703,Fredi Dyble,Database Administrator II,fdyblel@123-reg.co.uk,7015565214,$58043.54,Concorde
44-6379685,Onofredo Jossel,Nurse Practicioner,ojosselm@irs.gov,9676574894,$85803.77,Z3
32-3333478,Aryn Thome,Senior Developer,athomen@bandcamp.com,5726011323,$25158.93,V12 Vantage
17-5664723,Tim Plumer,Librarian,tplumero@mayoclinic.com,3132801711,$73429.44,9-3
75-8037934,Hyatt Benet,Financial Advisor,hbenetp@github.io,1462779064,$20308.92,MKS
84-8319699,Humfrid Kilbride,Accountant IV,hkilbrideq@t.co,5219434782,$36163.17,Gemini
03-6079508,Udall Revan,Associate Professor,urevanr@go.com,1074373264,$62781.39,Mazda3
30-5729605,Dex Dyte,Marketing Assistant,ddytes@csmonitor.com,5174642926,$12109.64,del Sol
24-2514429,Harmonia Gillbanks,Compensation Analyst,hgillbankst@vimeo.com,6049540418,$97399.45,2500
57-2880602,Carie Pellett,Tax Accountant,cpellettu@state.tx.us,5057497373,$60557.16,Econoline E250
54-1860796,Bern Railton,Safety Technician I,brailtonv@nba.com,3048162426,$74158.62,Tucson
64-1862379,Mildred O'Dee,Librarian,modeew@loc.gov,2404685110,$47829.98,Century
45-5654878,Tarrah Bourner,Engineer III,tbournerx@storify.com,2937558393,$93247.01,Range Rover
42-8213217,Juditha Gatty,Structural Engineer,jgattyy@alibaba.com,8335015931,$44513.49,Forester
64-0753064,Freddi Pigot,Safety Technician I,fpigotz@ted.com,8647865324,$4476.10,Cherokee
65-2179532,Afton Sherr,Pharmacist,asherr10@unicef.org,1246693439,$67333.99,C-Class
82-5719162,Helge Shoard,Software Test Engineer IV,hshoard11@who.int,8748058532,$9834.15,Truck
98-2827022,Camey Fairweather,Junior Executive,cfairweather12@google.fr,1429508433,$86932.45,Express 3500
50-8214141,Sanson Khristoforov,Nuclear Power Engineer,skhristoforov13@biblegateway.com,7373957635,$92280.79,LS
33-4849841,Jill Davydenko,Tax Accountant,jdavydenko14@sakura.ne.jp,1972123798,$76346.78,Wrangler
87-3980185,Donnie MacMakin,Registered Nurse,dmacmakin15@eventbrite.com,9915593295,$8376.51,Taurus
23-8393440,Wes Caulliere,Geological Engineer,wcaulliere16@cdc.gov,8586633009,$19470.91,Diamante
68-5499566,Cybill Dubique,Graphic Designer,cdubique17@pbs.org,5818480214,$83325.83,3 Series
74-0204049,Temp Wincott,Software Test Engineer III,twincott18@smugmug.com,7617129643,$89110.03,GTI
98-1311232,Frederick Habbema,Senior Cost Accountant,fhabbema19@virginia.edu,3237390720,$74916.49,Patriot
61-2437321,Florian Iacavone,Professor,fiacavone1a@comcast.net,8592582792,$8480.65,Windstar
93-4566273,Karina Knowles,Clinical Specialist,kknowles1b@globo.com,3195708844,$11229.12,DB9
10-4203812,Vaclav Judgkins,Health Coach II,vjudgkins1c@sitemeter.com,2442658967,$87986.97,Safari
20-8410516,Renata Giorgeschi,Clinical Specialist,rgiorgeschi1d@sakura.ne.jp,8092778044,$23574.88,V50
86-7406161,Luciana Lohde,Software Test Engineer I,llohde1e@usnews.com,5939927740,$44365.09,V8 Vantage
15-1626553,Tim Leighfield,Senior Financial Analyst,tleighfield1f@51.la,5479725164,$25145.62,2500 Club Coupe
86-9229681,Merill Matthias,Payment Adjustment Coordinator,mmatthias1g@cdbaby.com,2026556106,$20938.74,Discovery
40-8963118,Gay Raulin,Nuclear Power Engineer,graulin1h@howstuffworks.com,5163074611,$66622.32,Century
88-0045401,Donaugh Lorait,Senior Cost Accountant,dlorait1i@reference.com,1971903769,$17624.14,Econoline E350
84-0284322,Pauly Grisewood,Technical Writer,pgrisewood1j@desdev.cn,5576770507,$26642.21,Suburban 1500
33-8093844,Adel Rippon,Cost Accountant,arippon1k@ustream.tv,4954999493,$90820.58,H1
55-9743355,Elmira Astridge,Accounting Assistant I,eastridge1l@ameblo.jp,9342414009,$80832.16,Maxima
82-4231353,Juditha Vedenyapin,Account Coordinator,jvedenyapin1m@wunderground.com,7021056771,$68052.27,Optima
27-7741976,Bianca Hirsch,Quality Control Specialist,bhirsch1n@twitpic.com,6994174758,$62590.43,C30
55-3155363,Mallorie Persitt,Engineer I,mpersitt1o@wordpress.org,4703316555,$10657.01,Fox
06-2958042,Jade Glendining,Accounting Assistant II,jglendining1p@dion.ne.jp,7196759306,$57978.12,Bonneville
92-9641956,Holden Degue,VP Marketing,hdegue1q@abc.net.au,6331430943,$41170.45,Concorde
91-4094806,Cyrille Gimenez,Biostatistician II,cgimenez1r@unicef.org,9563374866,$10861.46,Impreza
44-0266102,Winifred Behne,Paralegal,wbehne1s@freewebs.com,7151732013,$74956.37,SSR
51-4685702,Clari Fever,Compensation Analyst,cfever1t@amazonaws.com,9995377323,$66085.27,62
39-7709233,Bambie Woodnutt,Administrative Assistant IV,bwoodnutt1u@comsenz.com,7654973471,$42607.93,400E
39-5940020,Fidelio Lukianov,Community Outreach Specialist,flukianov1v@kickstarter.com,2582338517,$23900.14,Mazda2
93-7604450,Haze Seer,Mechanical Systems Engineer,hseer1w@nydailynews.com,7452424989,$65039.26,Tracker
62-5179714,Kirsti Burchfield,Occupational Therapist,kburchfield1x@artisteer.com,6131423633,$30993.48,Sable
54-7432893,Fleurette Milburn,Staff Scientist,fmilburn1y@4shared.com,6466938507,$87642.46,Firefly
12-6829900,Lanie Geane,Research Nurse,lgeane1z@cdc.gov,9697426115,$80723.79,Cruze
34-7947962,Noelyn Akhurst,Design Engineer,nakhurst20@nydailynews.com,6354757255,$49232.26,Mustang
79-7543260,Kaine Dinnington,VP Marketing,kdinnington21@scientificamerican.com,8402061051,$27258.57,CC
08-9143600,Ailbert Gobourn,Operator,agobourn22@yellowbook.com,1435390997,$7569.03,Express 2500
33-8812576,Annecorinne Loton,Quality Engineer,aloton23@histats.com,3794010338,$91578.86,V40
05-3060928,Harcourt Bramham,Environmental Tech,hbramham24@privacy.gov.au,1309156710,$18925.22,Golf
82-8040355,Rosanna Whittleton,Environmental Specialist,rwhittleton25@jigsy.com,4177388896,$70482.74,Santa Fe
75-8328541,Brandea Tattam,Human Resources Assistant II,btattam26@devhub.com,7361457849,$11770.12,6000
30-6760350,Rolf Stilgoe,Compensation Analyst,rstilgoe27@mozilla.com,6755078112,$93490.61,ES
35-8297414,Tallie Antonijevic,Recruiter,tantonijevic28@chicagotribune.com,7217091961,$57648.96,Versa
46-2236358,Yule Videler,Account Coordinator,yvideler29@imdb.com,4224465455,$66392.33,Explorer Sport Trac
31-1184045,Sigfrid Twitchett,Systems Administrator I,stwitchett2a@feedburner.com,7774321726,$54381.72,Crown Victoria
46-3655686,Brianna Rashleigh,Physical Therapy Assistant,brashleigh2b@com.com,6295202769,$90504.58,Trooper
35-3682154,Bank MacCallum,Marketing Assistant,bmaccallum2c@sohu.com,4053094795,$9488.49,S60
01-7847072,Blinni Marcinkus,Database Administrator III,bmarcinkus2d@npr.org,9165725626,$64461.84,Turbo Firefly
52-5055222,Sanderson Marczyk,Accounting Assistant III,smarczyk2e@aboutads.info,2964307299,$89608.93,300ZX
19-6851048,Cyrus Napper,Staff Accountant II,cnapper2f@cnn.com,8838688171,$92889.08,Altima
24-7516889,Richardo De Robertis,Human Resources Assistant II,rde2g@privacy.gov.au,1373433665,$86995.57,Caravan
83-4619627,Rooney Burdfield,Compensation Analyst,rburdfield2h@cnet.com,1371201651,$88130.82,Passport
87-6246192,Ynes McFaul,Web Designer II,ymcfaul2i@discuz.net,2684560183,$9108.80,300ZX
34-1643771,Deni Lampbrecht,Programmer Analyst I,dlampbrecht2j@ucla.edu,7252764806,$37197.76,Highlander
63-5400354,Skell Lohmeyer,Environmental Tech,slohmeyer2k@craigslist.org,8248310662,$72474.14,Azera
61-1387273,Barclay Labin,General Manager,blabin2l@fc2.com,4611925681,$82682.98,Eclipse
03-4919120,Elianore Trembey,Quality Control Specialist,etrembey2m@theatlantic.com,8971535674,$3355.94,E150
67-7292833,Thomasin Lambarton,Occupational Therapist,tlambarton2n@tiny.cc,2699034982,$43193.33,GS
17-1003216,Tobe Greenier,Assistant Professor,tgreenier2o@a8.net,4031381774,$21459.67,Continental
69-9687375,Scott Ludlem,Geological Engineer,sludlem2p@dmoz.org,9637469153,$49402.01,MKX
19-3877412,Gaynor Coveley,Systems Administrator IV,gcoveley2q@creativecommons.org,5874958537,$69028.18,F-250 Super Duty
99-4725921,Melinda Kleinhaus,Engineer II,mkleinhaus2r@infoseek.co.jp,2785196531,$72134.76,300C
